Job Title,Address,Job Link
"Intern, Product Catalogue","London, England, United Kingdom
Actively Hiring
2 weeks ago",https://uk.linkedin.com/jobs/view/intern-product-catalogue-at-ralph-lauren-3806496050?refId=bF50QYsOPKDZoJIco89SVQ%3D%3D&trackingId=UPKSsHL%2FAgCbXJbAMTi01g%3D%3D&position=1&pageNum=0&trk=public_jobs_jserp-result_search-card
Internship - Investment Banking,"London, England, United Kingdom
Be an early applicant
1 week ago",https://uk.linkedin.com/jobs/view/internship-investment-banking-at-skill-farm-3815719222?refId=bF50QYsOPKDZoJIco89SVQ%3D%3D&trackingId=GFuR6lU%2F0N82tDIpYeoAWw%3D%3D&position=2&pageNum=0&trk=public_jobs_jserp-result_search-card
Business Intern at Amazon Retail - 6-month internship,"London, England, United Kingdom
Actively Hiring
1 week ago",https://uk.linkedin.com/jobs/view/business-intern-at-amazon-retail-6-month-internship-at-amazon-3812058089?refId=bF50QYsOPKDZoJIco89SVQ%3D%3D&trackingId=3iFJoCiiYNAOOeh%2F%2FLYCWg%3D%3D&position=3&pageNum=0&trk=public_jobs_jserp-result_search-card
Internship - Associate Customer Solutions Manager,"London, England, United Kingdom
Actively Hiring
2 weeks ago",https://uk.linkedin.com/jobs/view/internship-associate-customer-solutions-manager-at-amazon-web-services-aws-3745597940?refId=bF50QYsOPKDZoJIco89SVQ%3D%3D&trackingId=XiLvK6TYZTG3KHH6b8Y36Q%3D%3D&position=4&pageNum=0&trk=public_jobs_jserp-result_search-card
Summer Internship Program - Investment Banking,"London, England, United Kingdom
1 week ago",https://uk.linkedin.com/jobs/view/summer-internship-program-investment-banking-at-skill-farm-3815719230?refId=bF50QYsOPKDZoJIco89SVQ%3D%3D&trackingId=ABhtEi0ogNacOSGjNUXzzQ%3D%3D&position=5&pageNum=0&trk=public_jobs_jserp-result_search-card
E-commerce Intern,"London, England, United Kingdom
1 week ago",https://uk.linkedin.com/jobs/view/e-commerce-intern-at-tomorrow-london-3818024173?refId=bF50QYsOPKDZoJIco89SVQ%3D%3D&trackingId=M4zPRBF03t6ZtNNPA%2F1HBQ%3D%3D&position=6&pageNum=0&trk=public_jobs_jserp-result_search-card
Business Development Intern,"England, United Kingdom
Actively Hiring
4 weeks ago",https://uk.linkedin.com/jobs/view/business-development-intern-at-infosys-3800914811?refId=bF50QYsOPKDZoJIco89SVQ%3D%3D&trackingId=G3sIjx0INrwF3ynT2E5QRg%3D%3D&position=7&pageNum=0&trk=public_jobs_jserp-result_search-card
Intern - Arts & Entertainment - Big Festivals Operations,"London, England, United Kingdom
Actively Hiring
3 weeks ago",https://uk.linkedin.com/jobs/view/intern-arts-entertainment-big-festivals-operations-at-endeavor-3807135069?refId=bF50QYsOPKDZoJIco89SVQ%3D%3D&trackingId=523fNcP3o%2BycO%2BjgwLfJZg%3D%3D&position=8&pageNum=0&trk=public_jobs_jserp-result_search-card
Private Credit Intern,"London, England, United Kingdom
Actively Hiring
2 days ago",https://uk.linkedin.com/jobs/view/private-credit-intern-at-ardian-3822848981?refId=bF50QYsOPKDZoJIco89SVQ%3D%3D&trackingId=NZeh1Wfn6TPj2SCYaPi5LQ%3D%3D&position=9&pageNum=0&trk=public_jobs_jserp-result_search-card
Consumer Marketing Intern,"London, England, United Kingdom
Actively Hiring
1 week ago",https://uk.linkedin.com/jobs/view/consumer-marketing-intern-at-paypal-3770133715?refId=bF50QYsOPKDZoJIco89SVQ%3D%3D&trackingId=cYiMhLTy8JTWGl60h1TFhw%3D%3D&position=10&pageNum=0&trk=public_jobs_jserp-result_search-card
Private Equity Internship,"London, England, United Kingdom
2 days ago",https://uk.linkedin.com/jobs/view/private-equity-internship-at-skill-farm-3822887740?refId=bF50QYsOPKDZoJIco89SVQ%3D%3D&trackingId=HNYGusqTr%2BHImcEQpVkMrg%3D%3D&position=11&pageNum=0&trk=public_jobs_jserp-result_search-card
Data Science Intern,"London, England, United Kingdom
2 months ago",https://uk.linkedin.com/jobs/view/data-science-intern-at-coefficient-3776954493?refId=bF50QYsOPKDZoJIco89SVQ%3D%3D&trackingId=1v9OT11lhRG1DLZacm4cVg%3D%3D&position=12&pageNum=0&trk=public_jobs_jserp-result_search-card
Summer Internship - Research,"London, England, United Kingdom
Be an early applicant
2 days ago",https://uk.linkedin.com/jobs/view/summer-internship-research-at-skill-farm-3822884987?refId=bF50QYsOPKDZoJIco89SVQ%3D%3D&trackingId=DYXU1rXziLE635JLVGZR5w%3D%3D&position=13&pageNum=0&trk=public_jobs_jserp-result_search-card
Business Intern at Amazon Retail - 12-month placement,"London, England, United Kingdom
Actively Hiring
2 weeks ago",https://uk.linkedin.com/jobs/view/business-intern-at-amazon-retail-12-month-placement-at-amazon-3732081843?refId=bF50QYsOPKDZoJIco89SVQ%3D%3D&trackingId=%2Flfr%2BlstZYyEwWLu4XeQPA%3D%3D&position=14&pageNum=0&trk=public_jobs_jserp-result_search-card
Marketing Intern,"London, England, United Kingdom
Actively Hiring
1 day ago",https://uk.linkedin.com/jobs/view/marketing-intern-at-millerknoll-3823658782?refId=bF50QYsOPKDZoJIco89SVQ%3D%3D&trackingId=Quv6b5SB2EOF4MrdcY%2BZGQ%3D%3D&position=15&pageNum=0&trk=public_jobs_jserp-result_search-card
2024 Summer Internship - Investment (UK),"London, England, United Kingdom
6 months ago",https://uk.linkedin.com/jobs/view/2024-summer-internship-investment-uk-at-verition-fund-management-llc-3674208897?refId=bF50QYsOPKDZoJIco89SVQ%3D%3D&trackingId=u2tTYa4Ti1mAfuL%2FFw7RGw%3D%3D&position=16&pageNum=0&trk=public_jobs_jserp-result_search-card
Product & Merchandising Intern (3 month FTC),"London, England, United Kingdom
4 months ago",https://uk.linkedin.com/jobs/view/product-merchandising-intern-3-month-ftc-at-lulu-guinness-3720921717?refId=bF50QYsOPKDZoJIco89SVQ%3D%3D&trackingId=GtiHu%2BR6VgJXjY3uX8PUVQ%3D%3D&position=17&pageNum=0&trk=public_jobs_jserp-result_search-card
Investor Relations Fundraising Internship,"London, England, United Kingdom
9 months ago",https://uk.linkedin.com/jobs/view/investor-relations-fundraising-internship-at-dn-capital-3610390864?refId=bF50QYsOPKDZoJIco89SVQ%3D%3D&trackingId=qKpZuaoxjZFwXVPgy4QvkQ%3D%3D&position=18&pageNum=0&trk=public_jobs_jserp-result_search-card
Marketing Internship,"London, England, United Kingdom
2 days ago",https://uk.linkedin.com/jobs/view/marketing-internship-at-skill-farm-3822889577?refId=bF50QYsOPKDZoJIco89SVQ%3D%3D&trackingId=dx8ex4CrvpaIM6NR7L2LRA%3D%3D&position=19&pageNum=0&trk=public_jobs_jserp-result_search-card
"12 month University Placements and Internships â€“ Communications/Marketing (Leicester, United Kingdom) 2024 opportunities","London, England, United Kingdom
Actively Hiring
2 weeks ago",https://uk.linkedin.com/jobs/view/12-month-university-placements-and-internships-%E2%80%93-communications-marketing-leicester-united-kingdom-2024-opportunities-at-baker-hughes-3730486916?refId=bF50QYsOPKDZoJIco89SVQ%3D%3D&trackingId=%2F%2FPyLLgXnh9OgPOKdJaT0A%3D%3D&position=20&pageNum=0&trk=public_jobs_jserp-result_search-card
Marketing Summer Internship 2024,"London, England, United Kingdom
Actively Hiring
1 week ago",https://uk.linkedin.com/jobs/view/marketing-summer-internship-2024-at-l-or%C3%A9al-3818961599?refId=bF50QYsOPKDZoJIco89SVQ%3D%3D&trackingId=c0Ss%2FouqBAeUr%2FlljbktRQ%3D%3D&position=21&pageNum=0&trk=public_jobs_jserp-result_search-card
12 Month Internship - MTNs and Private Placements,"London, England, United Kingdom
Actively Hiring
1 week ago",https://uk.linkedin.com/jobs/view/12-month-internship-mtns-and-private-placements-at-cr%C3%A9dit-agricole-cib-3812881119?refId=bF50QYsOPKDZoJIco89SVQ%3D%3D&trackingId=naLoQpMyFnvamq2NDGldng%3D%3D&position=22&pageNum=0&trk=public_jobs_jserp-result_search-card
Marketing Internship,"London, England, United Kingdom
Be an early applicant
2 days ago",https://uk.linkedin.com/jobs/view/marketing-internship-at-skill-farm-3822885889?refId=bF50QYsOPKDZoJIco89SVQ%3D%3D&trackingId=KYmb3XaCKlLMH%2FDjwORMzQ%3D%3D&position=23&pageNum=0&trk=public_jobs_jserp-result_search-card
12 Month Internship - Credit Repo,"London, England, United Kingdom
Be an early applicant
1 week ago",https://uk.linkedin.com/jobs/view/12-month-internship-credit-repo-at-cr%C3%A9dit-agricole-cib-3816375102?refId=bF50QYsOPKDZoJIco89SVQ%3D%3D&trackingId=LnfjvLoy6%2B2CxB16%2F%2FhXtA%3D%3D&position=24&pageNum=0&trk=public_jobs_jserp-result_search-card
Global 100 Internship Program - UK,"London, England, United Kingdom
Actively Hiring
4 months ago",https://uk.linkedin.com/jobs/view/global-100-internship-program-uk-at-wipro-3726239208?refId=bF50QYsOPKDZoJIco89SVQ%3D%3D&trackingId=kzC240N%2FwJ0RiImz5I93Ow%3D%3D&position=25&pageNum=0&trk=public_jobs_jserp-result_search-card
